client_name,email
ABC Corp,projects@abccorp.com
TechStart Solutions,contact@techstartsolutions.com
Digital Dreams Pvt Ltd,business@digitaldreams.in
DEF Industries,sales@defindustries.com
CloudNext Technologies,info@cloudnext.tech
InnovateTech,partnerships@innovatetech.io
XYZ Ltd,accounts@xyzltd.com
SmartData Analytics,hello@smartdataanalytics.com
FutureTech Inc,bizdev@futuretech.com
GlobalSoft Partners,team@globalsoft.com
GHI Corp,contact@ghicorp.com
NextGen Systems,projects@nextgensystems.io
DataViz Pro,sales@datavizsolutions.com
EcoTech Solutions,info@ecotechsolutions.in
MegaCorp International,enterprise@megacorpintl.com
StartupHub,connect@startuphub.co
FinTech Innovations,partnerships@fintechinnovations.com
HealthPlus Systems,business@healthplussystems.com
EduTech Solutions,contact@edutechsolutions.in
RetailPro,sales@retailpro.com
SecureNet,info@securenet.io
LogiNext,enterprise@loginext.com
MNO Enterprises,projects@mnoenterprises.com
SmartCity Initiative,contact@smartcityinitiative.gov
TechGiants LLC,business@techgiants.com
Innovation Labs,hello@innovationlabs.tech
BankTech Solutions,partnerships@banktechsolutions.com
MediaStream,contact@mediastream.tv
GreenEnergy Co,info@greenenergy.co
AutoDrive Systems,business@autodrivesystems.com
FoodChain Network,contact@foodchainnetwork.com
TravelEase,support@travelease.com
AI Innovations,team@aiinnovations.ai
RetailMax Solutions,sales@retailmaxsolutions.com
FinanceHub,contact@financehub.in
AgriTech Ventures,info@agritechventures.com
EduLearn Platform,partnerships@edulearnplatform.com
HealthCare Plus,business@healthcareplus.com
RealEstate Pro,contact@realestatepro.in
LogiTrack,sales@logitrack.io
SocialBuzz,hello@socialbuzz.media
GameStudio,dev@gamestudio.games
PayTech Systems,business@paytechsystems.com
GlobalManufacturing,enterprise@globalmanufacturing.com
SportsTech,contact@sportstech.fit
FashionHub,sales@fashionhub.store
TravelWorld,bookings@travelworld.com
InsureTech,claims@insuretech.io
AutoParts Inc,sales@autopartsinc.com
PropTech Solutions,info@proptechsolutions.com
MusicStream,licensing@musicstream.fm
BookStore Online,contact@bookstoreonline.com
CloudSmart Systems,enterprise@cloudsmartsystems.com
MegaRetail Chain,corporate@megaretailchain.com
GovernTech,services@governtech.gov
WealthManage,advisory@wealthmanage.in
SmartHome Tech,sales@smarthometech.io
PetCare Online,support@petcareonline.com
EventPro,events@eventpro.com
LegalTech Solutions,contact@legaltechsolutions.law
FoodTech Delivery,partnerships@foodtechdelivery.com
CryptoVault,security@cryptovault.crypto
